رقم تعريف قائمة التشغيل,معرّف القناة,تاريخ الإنشاء ووقته,تاريخ آخر تعديل ووقته,العنوان,الوصف,مستوى العرض
LLQiupx81V3b5Aqr1vLMXK1A,UCQiupx81V3b5Aqr1vLMXK1A,2019-09-04 15:31:33 UTC,2022-07-29 10:11:29 UTC,Liked videos,,خاص

معرِّف الفيديو,تاريخ الإضافة ووقتها
YVcy6E7ZoRY,2022-07-29 10:11:29 UTC
hqINCqaCUew,2022-07-24 21:26:50 UTC
KEwGDRM9WvA,2022-07-22 14:17:19 UTC
GRWMauQKTpU,2022-07-07 11:39:58 UTC
xnikWEd4r6Y,2022-07-06 13:38:03 UTC
xYb_Z8fMLDc,2022-06-28 12:49:02 UTC
hOUqzX7ky9A,2022-06-27 20:55:50 UTC
sIQTtmraHJU,2022-06-19 20:58:45 UTC
l4g7gdZLmvU,2022-06-19 20:55:19 UTC
4bQEYsHKmMU,2022-06-15 14:27:09 UTC
lIBtLbSkB-4,2022-06-15 14:24:23 UTC
xECe153PgKI,2022-06-12 08:11:52 UTC
6ytc91GHdY4,2022-06-10 22:24:07 UTC
RYDDo6FRLlI,2022-06-04 15:39:34 UTC
YHocM4N15XY,2022-06-04 15:32:14 UTC
GfIaNP0y6HE,2022-06-04 15:28:41 UTC
SGqE4D00hrI,2022-06-04 15:28:16 UTC
Z07i4D-kduU,2022-06-04 15:26:45 UTC
YhZN8mWfMrQ,2022-06-04 15:20:58 UTC
rbhLUodGBOQ,2022-06-04 14:59:36 UTC
h1JI0Si23uA,2022-06-04 14:58:20 UTC
0_kGyQ5C6ng,2022-05-31 12:59:23 UTC
5cV1G59sHnY,2022-05-30 20:55:58 UTC
ZAb-U1kjiRE,2022-05-29 10:27:31 UTC
uzZMwr6NcXg,2022-05-29 10:15:08 UTC
n8Y0OYi3Dt0,2022-05-26 06:53:36 UTC
XaxnYSORW24,2022-05-26 06:49:22 UTC
KWJLQWnpr34,2022-05-26 05:35:23 UTC
WnTvytuE6pY,2022-05-24 20:06:04 UTC
U8wx_0DnH6o,2022-05-24 07:10:30 UTC
3or_c-89SyQ,2022-05-15 17:46:11 UTC
noj-ma_IvYc,2022-05-13 22:34:55 UTC
VqfnFoJpSdg,2022-05-08 15:59:55 UTC
kMxjNRyGK34,2022-05-08 15:46:38 UTC
c4CJyuGqing,2022-05-08 00:23:19 UTC
V0l3-KHKi4I,2022-05-07 13:38:27 UTC
a6W7VPPV2PE,2022-05-07 02:11:56 UTC
UxfhTeIv-Pw,2022-05-06 19:11:31 UTC
wWzN6SqN6s4,2022-05-06 17:59:55 UTC
tIS6oyOhdLY,2022-05-06 05:03:29 UTC
1PzNvPFr9jg,2022-05-06 04:22:12 UTC
F-9L1SSiYsI,2022-05-05 06:50:02 UTC
stm-BCTYI20,2022-05-05 00:47:25 UTC
_c4sOcBAJpY,2022-05-04 14:58:09 UTC
3rEHzk6ImoE,2022-05-04 03:50:39 UTC
ApjEzsEIzeY,2022-05-03 22:00:46 UTC
k4xJn4jO0WM,2022-05-03 21:44:46 UTC
Z49itTga1gU,2022-05-03 21:22:37 UTC
5qG_ZfXThyc,2022-05-03 15:50:49 UTC
O2yS0mhaLEs,2022-05-02 05:59:11 UTC
Ap4fHmb9iNg,2022-04-30 17:02:06 UTC
4rHqHAD9wQo,2022-04-30 00:59:06 UTC
QsxdiafqEoI,2022-04-30 00:34:12 UTC
PQ8KGV30gQY,2022-04-30 00:04:12 UTC
VpGHMgCFcp8,2022-04-29 23:58:34 UTC
BRZfEwSKdvg,2022-04-29 23:52:25 UTC
MQUFw93ymP4,2022-04-29 23:49:22 UTC
IRRvLfhFcu8,2022-04-29 23:32:27 UTC
JbralSgLyY8,2022-04-29 22:40:03 UTC
W9UmYTiMam8,2022-04-29 22:36:09 UTC
yCTK3nbJlV8,2022-04-29 22:27:29 UTC
7A614RkzCwk,2022-04-29 22:23:16 UTC
 -igtcWym64Y,2022-04-29 04:06:52 UTC
tBw02WTxzmc,2022-04-29 04:04:10 UTC
Io2p5LH5eaM,2022-04-27 03:54:06 UTC
nTxsZcIJf0I,2022-04-27 03:25:31 UTC
O0TcLWRTvjQ,2022-04-27 03:22:52 UTC
Hck1v2vD6bY,2022-04-27 01:37:09 UTC
Hy6eviHYGFY,2022-04-26 22:30:21 UTC
xqzCmOGbuDo,2022-04-24 12:38:37 UTC
1v1tGQtlzFg,2022-04-22 14:57:09 UTC
atbXQj6oIek,2022-04-22 14:42:29 UTC
eY6t6Iv_V2k,2022-04-22 14:33:52 UTC
fgDTFifePvk,2022-04-22 13:40:52 UTC
KBIxYFZ6YhE,2022-04-22 13:40:44 UTC
vkAk61wxZec,2022-04-16 15:42:47 UTC
E2_1plXUXv8,2022-04-16 15:37:53 UTC
LiWLNo2aWXs,2022-04-15 15:58:02 UTC
x71eR-X-auc,2022-04-15 14:26:40 UTC
K26AWXYyODs,2022-04-15 11:15:05 UTC
xUqjBqfcykE,2022-04-15 11:13:14 UTC
zd-iQB5xh5s,2022-04-14 21:52:24 UTC
s8gCQvj1b4o,2022-04-14 21:25:12 UTC
3dtOPAbULfQ,2022-04-13 11:02:20 UTC
J_PIabsvV1k,2022-04-12 13:50:37 UTC
BEEImLyrCNY,2022-04-10 23:31:57 UTC
gvpqAJyvK-A,2022-04-04 15:57:42 UTC
yClAcSHwBPM,2022-04-01 11:58:14 UTC
w8FNuHEsiT4,2022-02-25 16:44:38 UTC
jd-e8TSfiZA,2022-02-21 06:28:12 UTC
_TBeDyxXJhM,2022-02-01 15:27:32 UTC
unZafsHAI9Q,2022-01-16 15:14:36 UTC
NaZ8U42uFa0,2021-12-29 10:52:37 UTC
AywBqxVxfTI,2021-12-28 20:01:11 UTC
WCzPILcW6wI,2021-12-13 13:21:44 UTC
NVQH5BcbGRU,2021-12-07 14:35:46 UTC
qfvLvkim7l4,2021-12-06 13:13:42 UTC
4z7HlEXsNB0,2021-12-06 13:11:16 UTC
mm0IuEX5j_o,2021-12-05 12:36:41 UTC
TnPHcFK2qdw,2021-12-03 07:04:47 UTC
P7-LYw8o_N0,2021-12-01 12:29:02 UTC
irVUnxSnLzw,2021-11-28 16:14:40 UTC
obVsCra5B5M,2021-11-23 12:55:33 UTC
NhZ4-8t6LYA,2021-11-21 07:26:09 UTC
YknUwEbL1hg,2021-11-20 20:38:53 UTC
t7bdm9XmlFo,2021-11-18 15:54:11 UTC
Ercff0PsotE,2021-11-17 13:51:40 UTC
k8MfZUpibIE,2021-11-06 14:06:34 UTC
12vyN5O3a8k,2021-11-04 19:25:53 UTC
x9NTXVtCz9o,2021-10-27 12:43:06 UTC
9r62Gwh2YMs,2021-07-14 13:43:49 UTC
6UWhvkwI4Z0,2021-07-05 18:42:01 UTC
DD42U1qJYe4,2021-07-02 11:53:03 UTC
Fz-csmouz-s,2021-07-02 08:54:25 UTC
eJgB-uurky4,2021-07-01 10:03:41 UTC
nzhkv5SS22Q,2021-06-20 11:57:48 UTC
Wak-6HmMOmY,2021-06-04 09:16:44 UTC
qVsqmNHAOU4,2021-06-03 12:01:16 UTC
GcTHm-ZaN0s,2021-06-01 19:41:23 UTC
eH_UJASu4J0,2021-05-27 13:24:48 UTC
G8yYkpWUmuY,2021-05-23 10:54:36 UTC
3O4BaqnKe3c,2021-05-21 14:32:01 UTC
3hMkSYHcLAo,2021-05-18 19:29:25 UTC
29Z6CMMV0Bs,2021-03-23 04:02:29 UTC
7TUYlHmBw8E,2021-03-07 00:57:57 UTC
6G5JNzmS24g,2021-03-07 00:49:11 UTC
FT3GFMrIRlY,2021-03-01 21:24:53 UTC
3l2RIMZpAic,2021-02-11 10:28:47 UTC
LcX8sdk-UPg,2020-12-09 20:54:47 UTC
wcw8Mlstgd8,2020-12-08 15:17:52 UTC
D0x2dgpBDzc,2020-11-27 21:55:10 UTC
Ub_6nvHRvEg,2020-11-04 12:41:23 UTC
XUtf5EC2cn8,2020-11-03 14:38:36 UTC
rAfrDLt12O0,2020-10-31 08:16:47 UTC
xPvzFS2om3k,2020-10-16 15:06:03 UTC
QsavMwqqL34,2020-10-04 20:00:00 UTC
B2ILz05JUoo,2020-10-02 08:30:13 UTC
NNZ6gm77vks,2020-10-01 08:38:42 UTC
q9iLpWbfiBU,2020-09-30 13:41:26 UTC
RiisWB7PGS4,2020-09-26 09:43:42 UTC
LLT33-G1Y_8,2020-09-20 17:13:05 UTC
iUcNK4zU9rc,2020-09-20 16:49:32 UTC
ZP97fDeBhpQ,2020-09-18 19:51:20 UTC
vRDT-625E0Q,2020-09-13 20:55:06 UTC
dfJJNG35ym4,2020-09-08 17:57:57 UTC
AKcf-p0xtI8,2020-08-20 15:59:06 UTC
cl1Uaa0xWSk,2020-08-16 09:21:00 UTC
5hJ3b8pV-uQ,2020-07-26 18:50:32 UTC
yC30Gbhjov4,2020-07-21 10:39:05 UTC
GTHnTOZV6zY,2020-07-14 19:21:47 UTC
RZhS8u1twgw,2020-06-22 16:38:21 UTC
doqrEJyUw9o,2020-06-06 00:05:15 UTC
Kb1dynK0Cy0,2020-06-05 23:42:31 UTC
7MPttO21NsE,2020-06-03 09:10:30 UTC
h-wwV-yUmRQ,2020-05-11 23:49:20 UTC
FWXuqsKueck,2020-05-10 00:59:25 UTC
AeL1VyxLxng,2020-04-17 10:08:26 UTC
90zXnTz19ec,2020-02-21 16:29:10 UTC
FRzBmWUyIis,2020-02-10 12:57:48 UTC
TBofMzNcpYo,2020-02-03 23:43:10 UTC
DPAa3GVLSzQ,2020-01-26 12:33:25 UTC
uSfg-Z96tqE,2020-01-26 11:55:58 UTC
gnaw-DByCZ8,2020-01-20 09:57:26 UTC
OtgBPPJV_uU,2020-01-18 22:27:32 UTC
nKCKlHT8mJ0,2020-01-11 21:19:47 UTC
iPKjv9Vsrfs,2020-01-11 21:08:31 UTC
El_BJ68oQDE,2020-01-07 13:13:09 UTC
l45YIhiSciw,2020-01-07 08:57:40 UTC
KeV_tKzXy_A,2019-12-27 20:23:01 UTC
XwqtKvY8Ww0,2019-12-25 16:37:13 UTC
94Kap299CqQ,2019-12-08 00:54:33 UTC
uPTjYnBpwLY,2019-11-19 13:01:42 UTC
visI16HN4Kk,2019-11-11 14:00:18 UTC
t7GftJl7DSw,2019-11-03 16:02:48 UTC
6TnfyuJN1YQ,2019-10-23 12:09:58 UTC
LTVREN0uiiQ,2019-10-21 17:18:10 UTC
Y5YU3rxJg7I,2019-10-21 01:01:19 UTC
C5Neoqy7Tws,2019-10-09 11:11:17 UTC
9p-qpAdIoIY,2019-09-21 12:16:04 UTC
wmrFecxP0Mc,2019-09-13 00:54:33 UTC
zixQDHeltaU,2019-09-11 20:26:22 UTC
bmPahVslj3Y,2019-09-04 19:09:42 UTC
6EMJxoEBEGM,2019-09-04 15:31:33 UTC

