[{
},
{
},
{
},
{
},
{
},
{
},
{
},
{
},
{
},
{
},
{
},
{
},
{
},
{
},
{
  "userSetting": {
    "testingProgramListItem": {
      "doc": {
        "documentType": "Android Apps",
        "title": "My Dear Farm"
      }
    }
  }
},
{
  "userSetting": {
    "testingProgramListItem": {
      "doc": {
        "documentType": "Android Apps",
        "title": "com.sktcgs.wqhobs"
      }
    }
  }
},
{
},
{
  "userSetting": {
    "marketingPreferences": {
      "wantsMultiContentEmail": true
    }
  }
},
{
},
{
},
{
  "userSetting": {
    "userCountryCode": ""
  }
}]